{"stats":{"minecraft:crafted":{"minecraft:tnt":12,"minecraft:clock":1,"minecraft:redstone_torch":1,"minecraft:iron_trapdoor":1,"minecraft:compass":1},"minecraft:used":{"minecraft:redstone_torch":39,"minecraft:debug_stick":186,"minecraft:activator_rail":2,"minecraft:sand":46,"minecraft:iron_trapdoor":2,"minecraft:flint_and_steel":6,"minecraft:tnt":331,"minecraft:crafting_table":1,"minecraft:minecart":1,"minecraft:bucket":3,"minecraft:pig_spawn_egg":1,"minecraft:redstone":55,"minecraft:barrier":85,"minecraft:tnt_minecart":9,"minecraft:detector_rail":2,"minecraft:spruce_log":2},"minecraft:picked_up":{"minecraft:sandstone":15,"minecraft:white_carpet":4,"minecraft:sand":34,"minecraft:redstone_torch":12,"minecraft:redstone":6},"minecraft:custom":{"minecraft:time_since_rest":46450,"minecraft:crouch_one_cm":1258,"minecraft:sprint_one_cm":4354,"minecraft:play_time":46450,"minecraft:walk_one_cm":61903,"minecraft:sneak_time":1740,"minecraft:walk_under_water_one_cm":36974,"minecraft:jump":117,"minecraft:damage_dealt":30,"minecraft:minecart_one_cm":73,"minecraft:leave_game":3,"minecraft:walk_on_water_one_cm":10682,"minecraft:time_since_death":46450,"minecraft:total_world_time":46930,"minecraft:swim_one_cm":437,"minecraft:interact_with_crafting_table":4,"minecraft:fly_one_cm":120974}},"DataVersion":3953}