{"stats":{"minecraft:used":{"minecraft:creeper_spawn_egg":53,"minecraft:shroomlight":1,"minecraft:netherite_sword":4,"minecraft:armadillo_spawn_egg":15,"minecraft:water_bucket":25,"minecraft:flint_and_steel":52,"minecraft:dispenser":137,"minecraft:stone_shovel":98,"minecraft:redstone":71,"minecraft:stone_button":2,"minecraft:ocelot_spawn_egg":98,"minecraft:repeater":10,"minecraft:tnt":49,"minecraft:guardian_spawn_egg":42,"minecraft:red_bed":2,"minecraft:phantom_spawn_egg":4,"minecraft:bamboo_mosaic_slab":1,"minecraft:allay_spawn_egg":1,"minecraft:obsidian":302},"minecraft:killed":{"minecraft:wandering_trader":1,"minecraft:slime":4},"minecraft:dropped":{"minecraft:water_bucket":1,"minecraft:red_bed":1,"minecraft:tnt":28,"minecraft:lead":4},"minecraft:custom":{"minecraft:time_since_rest":3141,"minecraft:sprint_one_cm":340,"minecraft:damage_taken":240,"minecraft:walk_one_cm":104037,"minecraft:mob_kills":5,"minecraft:drop":9,"minecraft:damage_dealt":496,"minecraft:talked_to_villager":3,"minecraft:fly_one_cm":180638,"minecraft:crouch_one_cm":3044,"minecraft:play_time":145357,"minecraft:bell_ring":18,"minecraft:deaths":1,"minecraft:sneak_time":9112,"minecraft:walk_under_water_one_cm":3070,"minecraft:jump":123,"minecraft:leave_game":3,"minecraft:walk_on_water_one_cm":38046,"minecraft:time_since_death":45300,"minecraft:sleep_in_bed":3,"minecraft:total_world_time":145604,"minecraft:inspect_dispenser":84},"minecraft:picked_up":{"minecraft:water_bucket":1,"minecraft:lead":8,"minecraft:potato":7,"minecraft:carrot":1,"minecraft:redstone":2,"minecraft:leather_helmet":1,"minecraft:red_bed":1,"minecraft:tnt":28,"minecraft:arrow":1,"minecraft:apple":5,"minecraft:slime_ball":3,"minecraft:gold_nugget":1,"minecraft:saddle":1,"minecraft:bread":13}},"DataVersion":3953}