{"stats":{"minecraft:picked_up":{"minecraft:wheat":52,"minecraft:repeater":1,"minecraft:anvil":2,"minecraft:magenta_banner":1,"minecraft:andesite":1,"minecraft:potion":2,"minecraft:tuff":26,"minecraft:light":1,"minecraft:gunpowder":2,"minecraft:elytra":1,"minecraft:item_frame":1,"minecraft:bone":2,"minecraft:wheat_seeds":2,"minecraft:rabbit_hide":2,"minecraft:poppy":2,"minecraft:spruce_slab":7,"minecraft:rabbit":1,"minecraft:raw_iron":1,"minecraft:debug_stick":5,"minecraft:stick":4,"minecraft:red_wool":5,"minecraft:torch":2,"minecraft:gravel":19,"minecraft:porkchop":1,"minecraft:stone_button":33,"minecraft:spruce_sapling":2,"minecraft:spruce_log":1,"minecraft:diamond_block":128,"minecraft:redstone":3,"minecraft:netherite_pickaxe":2,"minecraft:dark_oak_planks":16,"minecraft:tnt":2913,"minecraft:arrow":1,"minecraft:dispenser":4,"minecraft:diamond":2,"minecraft:lever":2,"minecraft:armadillo_scute":8,"minecraft:bread":2,"minecraft:mutton":2,"minecraft:white_wool":12,"minecraft:cobblestone":104,"minecraft:ender_pearl":1},"minecraft:used":{"minecraft:oak_trapdoor":6,"minecraft:armadillo_spawn_egg":138,"minecraft:water_bucket":21,"minecraft:netherite_sword":71,"minecraft:jack_o_lantern":4,"minecraft:end_rod":1,"minecraft:dropper":10,"minecraft:flint_and_steel":32,"minecraft:birch_planks":257,"minecraft:spruce_slab":15,"minecraft:prismarine":57,"minecraft:redstone":151,"minecraft:dispenser":74,"minecraft:powered_rail":3,"minecraft:elytra":1,"minecraft:oak_planks":13,"minecraft:blue_wool":8,"minecraft:cactus":1,"minecraft:iron_golem_spawn_egg":5,"minecraft:ender_pearl":31,"minecraft:chest":6,"minecraft:redstone_block":1,"minecraft:white_wool":48,"minecraft:debug_stick":381,"minecraft:torch":3,"minecraft:mutton":3,"minecraft:anvil":3,"minecraft:soul_sand":4,"minecraft:dirt":7,"minecraft:sand":2,"minecraft:rail":7,"minecraft:comparator":3,"minecraft:oak_slab":14,"minecraft:tnt":2,"minecraft:hopper":13,"minecraft:crafter":12,"minecraft:birch_sign":2,"minecraft:blue_ice":1,"minecraft:sponge":2,"minecraft:polished_blackstone_slab":25,"minecraft:obsidian":355,"minecraft:creeper_spawn_egg":1,"minecraft:glass":248,"minecraft:big_dripleaf":1,"minecraft:sticky_piston":31,"minecraft:warden_spawn_egg":2,"minecraft:redstone_torch":10,"minecraft:enderman_spawn_egg":12,"minecraft:piston":2,"minecraft:lever":3,"minecraft:light":7,"minecraft:sea_lantern":5,"minecraft:lava_bucket":2,"minecraft:villager_spawn_egg":26,"minecraft:command_block":4,"minecraft:red_wool":16,"minecraft:heavy_weighted_pressure_plate":2,"minecraft:grass_block":34,"minecraft:breeze_spawn_egg":86,"minecraft:stone_button":60,"minecraft:slime_block":27,"minecraft:pig_spawn_egg":1,"minecraft:detector_rail":1,"minecraft:spruce_trapdoor":2,"minecraft:oak_pressure_plate":1,"minecraft:cherry_button":4,"minecraft:iron_door":15,"minecraft:fire_charge":80,"minecraft:repeater":51,"minecraft:redstone_lamp":8,"minecraft:cobblestone":52,"minecraft:bow":3,"minecraft:netherite_pickaxe":2,"minecraft:minecart":2,"minecraft:repeating_command_block":22,"minecraft:stone_pressure_plate":3,"minecraft:observer":178,"minecraft:waxed_copper_bulb":1,"minecraft:birch_stairs":7},"minecraft:custom":{"minecraft:inspect_dropper":23,"minecraft:interact_with_anvil":1,"minecraft:mob_kills":7,"minecraft:leave_game":7,"minecraft:time_since_death":387061,"minecraft:climb_one_cm":31,"minecraft:time_since_rest":387061,"minecraft:sprint_one_cm":2313,"minecraft:walk_one_cm":423488,"minecraft:drop":4,"minecraft:damage_dealt":5054,"minecraft:talked_to_villager":15,"minecraft:fly_one_cm":1031976,"minecraft:open_chest":26,"minecraft:crouch_one_cm":582,"minecraft:play_time":387061,"minecraft:sneak_time":4203,"minecraft:walk_under_water_one_cm":782,"minecraft:aviate_one_cm":70253,"minecraft:jump":1180,"minecraft:walk_on_water_one_cm":20047,"minecraft:total_world_time":397429,"minecraft:inspect_dispenser":79},"minecraft:dropped":{"minecraft:netherite_pickaxe":1,"minecraft:stick":2,"minecraft:rabbit_hide":1,"minecraft:redstone":1},"minecraft:killed":{"minecraft:armadillo":1,"minecraft:endermite":1,"minecraft:sheep":1,"minecraft:fox":1,"minecraft:warden":1}},"DataVersion":3955}