{"stats":{"minecraft:killed":{"minecraft:evoker":3,"minecraft:rabbit":1,"minecraft:vindicator":2,"minecraft:iron_golem":1,"minecraft:ender_dragon":1,"minecraft:creeper":16,"minecraft:zombie":1,"minecraft:stray":1,"minecraft:llama":3,"minecraft:illusioner":1,"minecraft:villager":4,"minecraft:enderman":1},"minecraft:used":{"minecraft:oak_fence":10,"minecraft:oak_trapdoor":1,"minecraft:water_bucket":134,"minecraft:netherite_sword":28,"minecraft:end_rod":1,"minecraft:dropper":17,"minecraft:spruce_door":4,"minecraft:snow_block":1,"minecraft:flint_and_steel":8,"minecraft:powered_rail":14,"minecraft:dispenser":148,"minecraft:redstone":562,"minecraft:oak_planks":405,"minecraft:red_nether_bricks":5,"minecraft:oak_sign":3,"minecraft:ender_pearl":3,"minecraft:chest":5,"minecraft:redstone_block":6,"minecraft:stone":387,"minecraft:llama_spawn_egg":2,"minecraft:white_wool":20,"minecraft:debug_stick":289,"minecraft:sculk_sensor":1,"minecraft:spruce_leaves":2,"minecraft:torch":12,"minecraft:anvil":2,"minecraft:soul_sand":4,"minecraft:dirt":41,"minecraft:rail":62,"minecraft:target":7,"minecraft:comparator":12,"minecraft:oak_slab":2,"minecraft:hopper":10,"minecraft:tnt":967,"minecraft:crafting_table":1,"minecraft:crafter":3,"minecraft:crossbow":15,"minecraft:blue_ice":3,"minecraft:obsidian":458,"minecraft:creeper_spawn_egg":15,"minecraft:redstone_torch":37,"minecraft:sticky_piston":23,"minecraft:glass":49,"minecraft:enderman_spawn_egg":1,"minecraft:dark_oak_planks":1,"minecraft:lever":34,"minecraft:green_concrete":1,"minecraft:villager_spawn_egg":3,"minecraft:mace":3,"minecraft:stone_button":18,"minecraft:oak_stairs":5,"minecraft:grass_block":124,"minecraft:bread":2,"minecraft:slime_block":67,"minecraft:oak_button":1,"minecraft:tnt_minecart":1751,"minecraft:detector_rail":3,"minecraft:spruce_trapdoor":4,"minecraft:iron_door":8,"minecraft:yellow_wool":1,"minecraft:diamond_chestplate":1,"minecraft:repeater":52,"minecraft:redstone_lamp":27,"minecraft:bow":22,"minecraft:snow":80,"minecraft:ice":2,"minecraft:repeating_command_block":1,"minecraft:oak_boat":4,"minecraft:bucket":21,"minecraft:stone_pressure_plate":4,"minecraft:cooked_beef":38,"minecraft:enchanted_golden_apple":1,"minecraft:observer":75},"minecraft:picked_up":{"minecraft:repeater":1,"minecraft:iron_door":1,"minecraft:andesite":1,"minecraft:leather":2,"minecraft:potato":14,"minecraft:gunpowder":14,"minecraft:dirt":47,"minecraft:string":2,"minecraft:bone":1,"minecraft:comparator":65,"minecraft:wheat_seeds":1,"minecraft:netherite_sword":2,"minecraft:iron_ingot":4,"minecraft:redstone_torch":8,"minecraft:diamond_helmet":1,"minecraft:oak_planks":1,"minecraft:furnace":1,"minecraft:torch":1,"minecraft:snow_block":1,"minecraft:stone_button":2,"minecraft:dark_oak_log":6,"minecraft:redstone":19,"minecraft:spruce_door":2,"minecraft:diamond_chestplate":3,"minecraft:lever":2,"minecraft:hay_block":7,"minecraft:emerald":3,"minecraft:bread":6,"minecraft:oak_button":24,"minecraft:snowball":1,"minecraft:obsidian":1,"minecraft:rail":1,"minecraft:cobblestone":51,"minecraft:ender_pearl":1},"minecraft:dropped":{"minecraft:furnace":64,"minecraft:tnt":1,"minecraft:sticky_piston":64,"minecraft:netherite_sword":2,"minecraft:wheat":67,"minecraft:obsidian":1,"minecraft:oak_planks":2,"minecraft:comparator":64,"minecraft:rail":1,"minecraft:flint_and_steel":1,"minecraft:string":64,"minecraft:tripwire_hook":64,"minecraft:trapped_chest":64,"minecraft:redstone":3},"minecraft:custom":{"minecraft:inspect_dropper":4,"minecraft:mob_kills":35,"minecraft:interact_with_anvil":2,"minecraft:inspect_hopper":4,"minecraft:interact_with_crafting_table":1,"minecraft:leave_game":12,"minecraft:time_since_death":11697,"minecraft:time_since_rest":11729,"minecraft:damage_taken":6647,"minecraft:sprint_one_cm":152059,"minecraft:walk_one_cm":842419,"minecraft:drop":23,"minecraft:minecart_one_cm":90286,"minecraft:damage_dealt":5663,"minecraft:swim_one_cm":3316,"minecraft:talked_to_villager":2,"minecraft:fly_one_cm":1800422,"minecraft:target_hit":287,"minecraft:open_chest":44,"minecraft:crouch_one_cm":48286,"minecraft:play_time":585515,"minecraft:deaths":6,"minecraft:sneak_time":29551,"minecraft:walk_under_water_one_cm":9809,"minecraft:boat_one_cm":1693,"minecraft:jump":1579,"minecraft:walk_on_water_one_cm":54167,"minecraft:total_world_time":587487,"minecraft:fall_one_cm":52428,"minecraft:inspect_dispenser":134},"minecraft:mined":{"minecraft:grass_block":1},"minecraft:killed_by":{"minecraft:player":1,"minecraft:illusioner":1}},"DataVersion":3955}