{"stats":{"minecraft:used":{"minecraft:shroomlight":1,"minecraft:water_bucket":3,"minecraft:repeater":8,"minecraft:tnt":45,"minecraft:dispenser":68,"minecraft:redstone":58,"minecraft:stone_button":50,"minecraft:repeating_command_block":7,"minecraft:deepslate_brick_slab":8,"minecraft:obsidian":279},"minecraft:picked_up":{"minecraft:leather_boots":1,"minecraft:saddle":1,"minecraft:stone_button":1,"minecraft:bread":2,"minecraft:redstone":2},"minecraft:custom":{"minecraft:time_since_rest":431,"minecraft:open_chest":1,"minecraft:crouch_one_cm":1211,"minecraft:sprint_one_cm":1074,"minecraft:play_time":111954,"minecraft:damage_taken":1920,"minecraft:deaths":8,"minecraft:walk_one_cm":75405,"minecraft:sneak_time":2478,"minecraft:walk_under_water_one_cm":196,"minecraft:drop":2,"minecraft:jump":84,"minecraft:damage_dealt":40,"minecraft:leave_game":3,"minecraft:walk_on_water_one_cm":9165,"minecraft:time_since_death":0,"minecraft:total_world_time":116486,"minecraft:fly_one_cm":524398,"minecraft:inspect_dispenser":91},"minecraft:dropped":{"minecraft:oak_button":2,"minecraft:dispenser":1}},"DataVersion":3955}