{"stats":{"minecraft:mined":{"minecraft:grass_block":4},"minecraft:used":{"minecraft:orange_dye":1,"minecraft:tuff_bricks":175,"minecraft:blue_terracotta":3,"minecraft:flint_and_steel":5,"minecraft:redstone_ore":1,"minecraft:dispenser":109,"minecraft:redstone":329,"minecraft:oak_sign":24,"minecraft:spruce_planks":118,"minecraft:axolotl_spawn_egg":192,"minecraft:chest":17,"minecraft:tinted_glass":9,"minecraft:ender_chest":4,"minecraft:netherrack":38,"minecraft:oak_door":1,"minecraft:debug_stick":180,"minecraft:torch":2,"minecraft:mooshroom_spawn_egg":29,"minecraft:dirt":66,"minecraft:soul_sand":25,"minecraft:spyglass":3,"minecraft:hopper":14,"minecraft:crafter":4,"minecraft:warped_door":1,"minecraft:stripped_spruce_log":161,"minecraft:obsidian":349,"minecraft:warden_spawn_egg":5,"minecraft:glow_squid_spawn_egg":56,"minecraft:wandering_trader_spawn_egg":96,"minecraft:polished_blackstone_slab":2,"minecraft:villager_spawn_egg":132,"minecraft:light_weighted_pressure_plate":2,"minecraft:grass_block":113,"minecraft:chicken_spawn_egg":102,"minecraft:stone_bricks":36,"minecraft:bedrock":1,"minecraft:glowstone":15,"minecraft:dolphin_spawn_egg":1,"minecraft:repeater":55,"minecraft:redstone_lamp":26,"minecraft:magma_block":2,"minecraft:bow":14,"minecraft:wolf_spawn_egg":227,"minecraft:furnace":1,"minecraft:gold_block":4,"minecraft:stone_pressure_plate":10,"minecraft:red_dye":13,"minecraft:observer":80,"minecraft:orange_terracotta":1,"minecraft:mossy_stone_brick_wall":1,"minecraft:stripped_spruce_wood":55,"minecraft:armadillo_spawn_egg":259,"minecraft:water_bucket":40,"minecraft:cow_spawn_egg":1,"minecraft:sandstone_stairs":14,"minecraft:spruce_door":22,"minecraft:dropper":32,"minecraft:powered_rail":12,"minecraft:dark_oak_sign":1,"minecraft:iron_golem_spawn_egg":5,"minecraft:sandstone":74,"minecraft:redstone_block":4,"minecraft:structure_void":109,"minecraft:parrot_spawn_egg":9,"minecraft:beacon":1,"minecraft:glow_ink_sac":6,"minecraft:deepslate_bricks":59,"minecraft:polished_blackstone_bricks":1,"minecraft:white_wool":6,"minecraft:diamond_block":11,"minecraft:sand":2,"minecraft:rail":4,"minecraft:comparator":7,"minecraft:tnt":3,"minecraft:crafting_table":1,"minecraft:crimson_trapdoor":1,"minecraft:blast_furnace":2,"minecraft:blue_ice":1,"minecraft:white_bed":1,"minecraft:stone_brick_wall":30,"minecraft:smoker":1,"minecraft:warped_planks":113,"minecraft:polished_tuff":19,"minecraft:redstone_torch":33,"minecraft:sticky_piston":6,"minecraft:lever":17,"minecraft:ender_eye":69,"minecraft:yellow_dye":1,"minecraft:mace":11,"minecraft:command_block":2,"minecraft:heavy_weighted_pressure_plate":1,"minecraft:stone_button":11,"minecraft:tuff_brick_stairs":2,"minecraft:barrier":23,"minecraft:pig_spawn_egg":16,"minecraft:detector_rail":3,"minecraft:oak_pressure_plate":17,"minecraft:cat_spawn_egg":37,"minecraft:ocelot_spawn_egg":151,"minecraft:chiseled_stone_bricks":1,"minecraft:diamond_sword":24,"minecraft:end_crystal":18,"minecraft:smithing_table":1,"minecraft:repeating_command_block":3,"minecraft:glass_pane":17,"minecraft:polished_blackstone_button":1,"minecraft:end_portal_frame":83,"minecraft:kelp":35,"minecraft:waxed_copper_bulb":6},"minecraft:picked_up":{"minecraft:crafting_table":1,"minecraft:chicken":51,"minecraft:lead":4,"minecraft:stone_brick_wall":1,"minecraft:golden_sword":1,"minecraft:string":32,"minecraft:flint_and_steel":1,"minecraft:beef":74,"minecraft:redstone_torch":8,"minecraft:minecart":19,"minecraft:iron_pickaxe":1,"minecraft:iron_nugget":27,"minecraft:poppy":6,"minecraft:light_gray_wool":1,"minecraft:egg":4,"minecraft:golden_helmet":2,"minecraft:stick":2,"minecraft:torch":1,"minecraft:porkchop":20,"minecraft:mace":1,"minecraft:stone_button":2,"minecraft:redstone":10,"minecraft:tnt":6912,"minecraft:repeating_command_block":1,"minecraft:golden_hoe":1,"minecraft:deepslate_bricks":1,"minecraft:armadillo_scute":12,"minecraft:gold_ingot":7,"minecraft:mutton":15,"minecraft:obsidian":5,"minecraft:white_wool":8,"minecraft:cobblestone":3,"minecraft:feather":55,"minecraft:glow_ink_sac":7,"minecraft:golden_leggings":1,"minecraft:leather":41,"minecraft:dirt":4,"minecraft:stone_bricks":1,"minecraft:kelp":30,"minecraft:bow":1,"minecraft:iron_ingot":19,"minecraft:mossy_stone_brick_wall":1,"minecraft:sculk_catalyst":5,"minecraft:oak_pressure_plate":2,"minecraft:diamond_block":84,"minecraft:spruce_door":2,"minecraft:diamond":6,"minecraft:lever":2,"minecraft:golden_apple":2,"minecraft:gray_wool":1,"minecraft:bread":1,"minecraft:netherrack":1,"minecraft:crimson_roots":1},"minecraft:dropped":{"minecraft:oak_pressure_plate":1,"minecraft:glow_ink_sac":7,"minecraft:crafting_table":1,"minecraft:feather":3,"minecraft:leather":1,"minecraft:polished_blackstone_button":1,"minecraft:grass_block":2,"minecraft:dirt":3,"minecraft:mace":1,"minecraft:torch":1,"minecraft:string":32,"minecraft:obsidian":1,"minecraft:chicken":7,"minecraft:villager_spawn_egg":1,"minecraft:wandering_trader_spawn_egg":1,"minecraft:deepslate_bricks":1,"minecraft:mossy_stone_brick_wall":1,"minecraft:stone_brick_wall":1,"minecraft:stone_bricks":1,"minecraft:bow":1,"minecraft:netherrack":1,"minecraft:glow_squid_spawn_egg":1},"minecraft:killed":{"minecraft:armadillo":10,"minecraft:allay":1,"minecraft:horse":3,"minecraft:chicken":6,"minecraft:axolotl":52,"minecraft:warden":5,"minecraft:ocelot":119,"minecraft:cat":40,"minecraft:wolf":92,"minecraft:parrot":5,"minecraft:pig":9,"minecraft:iron_golem":5,"minecraft:ender_dragon":3,"minecraft:wandering_trader":28,"minecraft:sheep":2,"minecraft:trader_llama":1,"minecraft:glow_squid":18,"minecraft:villager":23,"minecraft:cow":2},"minecraft:custom":{"minecraft:inspect_dropper":11,"minecraft:mob_kills":424,"minecraft:inspect_hopper":18,"minecraft:leave_game":12,"minecraft:time_since_death":112914,"minecraft:climb_one_cm":82,"minecraft:damage_resisted":117020,"minecraft:sprint_one_cm":339093,"minecraft:walk_one_cm":516144,"minecraft:drop":39,"minecraft:talked_to_villager":1,"minecraft:play_time":358629,"minecraft:sneak_time":15730,"minecraft:deaths":5,"minecraft:walk_under_water_one_cm":31777,"minecraft:jump":1013,"minecraft:walk_on_water_one_cm":17607,"minecraft:total_world_time":506735,"minecraft:sleep_in_bed":10,"minecraft:time_since_rest":67142,"minecraft:damage_taken":4080,"minecraft:open_enderchest":7,"minecraft:minecart_one_cm":1840,"minecraft:damage_dealt":75048,"minecraft:swim_one_cm":3210,"minecraft:fly_one_cm":1455205,"minecraft:open_chest":27,"minecraft:crouch_one_cm":19768,"minecraft:fall_one_cm":1174351,"minecraft:inspect_dispenser":22}},"DataVersion":3955}