{"stats":{"minecraft:killed":{"minecraft:spider":2,"minecraft:bat":2,"minecraft:ender_dragon":1,"minecraft:slime":41,"minecraft:villager":1},"minecraft:dropped":{"minecraft:water_bucket":2,"minecraft:birch_planks":1,"minecraft:soul_sand":1,"minecraft:player_head":1,"minecraft:tnt":1,"minecraft:wheat":54,"minecraft:obsidian":5,"minecraft:goat_spawn_egg":1,"minecraft:observer":1,"minecraft:comparator":1,"minecraft:grass_block":1,"minecraft:golden_apple":1,"minecraft:dirt":1,"minecraft:shroomlight":1,"minecraft:stone_button":2,"minecraft:dispenser":1,"minecraft:repeater":1,"minecraft:lingering_potion":1,"minecraft:hopper":1,"minecraft:redstone_torch":1,"minecraft:bow":1,"minecraft:glass":2,"minecraft:splash_potion":1,"minecraft:redstone":1},"minecraft:crafted":{"minecraft:leather_leggings":1,"minecraft:leather_chestplate":1},"minecraft:killed_by":{"minecraft:slime":1},"minecraft:custom":{"minecraft:inspect_dropper":2,"minecraft:mob_kills":51,"minecraft:interact_with_anvil":2,"minecraft:inspect_hopper":2,"minecraft:interact_with_crafting_table":2,"minecraft:bell_ring":13,"minecraft:leave_game":7,"minecraft:time_since_death":67236,"minecraft:sleep_in_bed":3,"minecraft:climb_one_cm":8473,"minecraft:time_since_rest":11516,"minecraft:sprint_one_cm":83099,"minecraft:damage_taken":2670,"minecraft:walk_one_cm":628589,"minecraft:drop":83,"minecraft:damage_dealt":1574,"minecraft:talked_to_villager":4,"minecraft:fly_one_cm":1707411,"minecraft:open_chest":22,"minecraft:crouch_one_cm":5705,"minecraft:play_time":530618,"minecraft:deaths":17,"minecraft:sneak_time":8613,"minecraft:walk_under_water_one_cm":13251,"minecraft:jump":1747,"minecraft:walk_on_water_one_cm":42270,"minecraft:total_world_time":542434,"minecraft:fall_one_cm":4233,"minecraft:inspect_dispenser":121},"minecraft:picked_up":{"minecraft:wheat":495,"minecraft:leather_chestplate":1,"minecraft:wither_rose":1,"minecraft:water_bucket":1,"minecraft:leather_leggings":1,"minecraft:crafter":1,"minecraft:birch_planks":1,"minecraft:oak_stairs":2,"minecraft:potato":5,"minecraft:dirt":65,"minecraft:leather_boots":1,"minecraft:armor_stand":1,"minecraft:glass":2,"minecraft:apple":1,"minecraft:netherite_sword":1,"minecraft:tnt_minecart":1,"minecraft:wheat_seeds":47,"minecraft:comparator":1,"minecraft:redstone_torch":1,"minecraft:player_head":1,"minecraft:observer":1,"minecraft:piston":1,"minecraft:soul_sand":1,"minecraft:torch":4,"minecraft:fire_charge":64,"minecraft:stone_button":3,"minecraft:carrot":24,"minecraft:redstone":7,"minecraft:stone_pressure_plate":1,"minecraft:tnt":1,"minecraft:rotten_flesh":4,"minecraft:dispenser":1,"minecraft:slime_ball":17,"minecraft:emerald":1,"minecraft:bread":10,"minecraft:hopper":1,"minecraft:snowball":38,"minecraft:goat_spawn_egg":1,"minecraft:obsidian":4},"minecraft:used":{"minecraft:trident":7,"minecraft:water_bucket":10,"minecraft:netherite_sword":167,"minecraft:wither_skeleton_skull":10,"minecraft:dropper":17,"minecraft:flint_and_steel":132,"minecraft:birch_planks":245,"minecraft:armor_stand":3,"minecraft:powered_rail":138,"minecraft:dispenser":84,"minecraft:redstone":96,"minecraft:oak_sign":2,"minecraft:chest":4,"minecraft:snow_golem_spawn_egg":231,"minecraft:oak_leaves":5,"minecraft:debug_stick":61,"minecraft:anvil":2,"minecraft:soul_sand":23,"minecraft:dirt":451,"minecraft:rail":4,"minecraft:comparator":4,"minecraft:hopper":9,"minecraft:tnt":920,"minecraft:crafting_table":2,"minecraft:crafter":2,"minecraft:blue_ice":1,"minecraft:lingering_potion":84,"minecraft:obsidian":277,"minecraft:creeper_spawn_egg":10,"minecraft:shroomlight":1,"minecraft:redstone_torch":26,"minecraft:oak_log":3,"minecraft:polished_blackstone_slab":1,"minecraft:sticky_piston":5,"minecraft:glass":108,"minecraft:piston":14,"minecraft:ender_eye":25,"minecraft:lever":1,"minecraft:light":1,"minecraft:command_block":6,"minecraft:grass_block":374,"minecraft:stone_button":11,"minecraft:tnt_minecart":1016,"minecraft:bedrock":73,"minecraft:birch_button":3,"minecraft:repeater":22,"minecraft:glowstone":34,"minecraft:redstone_lamp":3,"minecraft:potion":1,"minecraft:bow":56,"minecraft:end_crystal":22,"minecraft:repeating_command_block":3,"minecraft:end_portal_frame":27,"minecraft:stone_pressure_plate":1,"minecraft:observer":65,"minecraft:birch_stairs":2,"minecraft:splash_potion":25},"minecraft:mined":{"minecraft:grass_block":16,"minecraft:redstone_torch":1,"minecraft:dirt":1}},"DataVersion":3955}