{"stats":{"minecraft:used":{"minecraft:glass":8,"minecraft:netherite_sword":4,"minecraft:water_bucket":13,"minecraft:lava_bucket":19,"minecraft:dropper":3,"minecraft:flint_and_steel":35,"minecraft:oak_stairs":5,"minecraft:redstone":12,"minecraft:oak_sign":2,"minecraft:light_blue_terracotta":285,"minecraft:chest":5,"minecraft:orange_bed":2,"minecraft:soul_sand":6,"minecraft:repeater":3,"minecraft:dirt":3,"minecraft:comparator":2,"minecraft:tnt":45,"minecraft:hopper":6,"minecraft:crafter":7,"minecraft:blue_ice":2,"minecraft:observer":10},"minecraft:killed":{"minecraft:wandering_trader":1},"minecraft:dropped":{"minecraft:diamond":69,"minecraft:repeater":1,"minecraft:hopper":1,"minecraft:observer":1,"minecraft:glass":1,"minecraft:orange_bed":1,"minecraft:light_blue_terracotta":3},"minecraft:custom":{"minecraft:time_since_rest":4453,"minecraft:sprint_one_cm":2853,"minecraft:damage_taken":320,"minecraft:walk_one_cm":129083,"minecraft:mob_kills":1,"minecraft:drop":77,"minecraft:damage_dealt":290,"minecraft:talked_to_villager":2,"minecraft:fly_one_cm":135368,"minecraft:open_chest":36,"minecraft:crouch_one_cm":1509,"minecraft:play_time":367514,"minecraft:deaths":1,"minecraft:sneak_time":7219,"minecraft:jump":78,"minecraft:leave_game":5,"minecraft:walk_on_water_one_cm":17609,"minecraft:time_since_death":151561,"minecraft:sleep_in_bed":6,"minecraft:total_world_time":367786},"minecraft:picked_up":{"minecraft:repeater":1,"minecraft:lead":2,"minecraft:dirt":10,"minecraft:slime_ball":9,"minecraft:oak_sign":1,"minecraft:light_blue_terracotta":3,"minecraft:diamond":5,"minecraft:observer":1}},"DataVersion":3953}