{"stats":{"minecraft:picked_up":{"minecraft:crafting_table":3,"minecraft:feather":5,"minecraft:chicken":4,"minecraft:torch":4,"minecraft:porkchop":5,"minecraft:white_bed":2,"minecraft:slime_ball":108,"minecraft:slime_block":2,"minecraft:black_wool":1,"minecraft:chest":1,"minecraft:mutton":7,"minecraft:oak_planks":10,"minecraft:white_wool":3,"minecraft:cobblestone":10},"minecraft:used":{"minecraft:wooden_axe":18,"minecraft:apple":2,"minecraft:baked_potato":2,"minecraft:bread":2,"minecraft:slime_block":14,"minecraft:oak_planks":1,"minecraft:wooden_pickaxe":10,"minecraft:torch":3,"minecraft:wooden_sword":37,"minecraft:crafting_table":4,"minecraft:furnace":1,"minecraft:white_bed":2},"minecraft:custom":{"minecraft:time_since_rest":1135,"minecraft:interact_with_furnace":9,"minecraft:sprint_one_cm":157565,"minecraft:walk_one_cm":60476,"minecraft:mob_kills":22,"minecraft:damage_dealt":1300,"minecraft:talked_to_villager":3,"minecraft:interact_with_crafting_table":7,"minecraft:fly_one_cm":21880,"minecraft:open_chest":4,"minecraft:crouch_one_cm":457,"minecraft:play_time":27380,"minecraft:sneak_time":384,"minecraft:jump":160,"minecraft:interact_with_brewingstand":1,"minecraft:leave_game":2,"minecraft:walk_on_water_one_cm":160,"minecraft:time_since_death":27380,"minecraft:sleep_in_bed":2,"minecraft:total_world_time":29410,"minecraft:fall_one_cm":894},"minecraft:mined":{"minecraft:white_bed":2,"minecraft:crafting_table":3,"minecraft:torch":4,"minecraft:yellow_stained_glass_pane":1,"minecraft:chest":1,"minecraft:cobblestone":10,"minecraft:slime_block":2,"minecraft:oak_planks":10},"minecraft:crafted":{"minecraft:wooden_sword":1,"minecraft:wooden_hoe":1,"minecraft:crafting_table":1,"minecraft:spruce_planks":4,"minecraft:baked_potato":12,"minecraft:furnace":1,"minecraft:white_bed":1,"minecraft:slime_block":12,"minecraft:mangrove_planks":4,"minecraft:acacia_planks":8},"minecraft:killed":{"minecraft:sheep":4,"minecraft:pig":3,"minecraft:chicken":4,"minecraft:slime":11}},"DataVersion":3953}