{"stats":{"minecraft:killed":{"minecraft:evoker":1},"minecraft:used":{"minecraft:glass":63,"minecraft:water_bucket":49,"minecraft:dropper":2,"minecraft:oak_stairs":6,"minecraft:redstone":26,"minecraft:oak_planks":204,"minecraft:chest":11,"minecraft:crimson_sign":1,"minecraft:debug_stick":2,"minecraft:repeater":9,"minecraft:soul_sand":6,"minecraft:comparator":4,"minecraft:hopper":9,"minecraft:crafter":5,"minecraft:blue_ice":7,"minecraft:observer":6},"minecraft:picked_up":{"minecraft:wheat":448,"minecraft:repeater":3,"minecraft:crafter":1,"minecraft:oak_stairs":1,"minecraft:gunpowder":13,"minecraft:redstone":12,"minecraft:vex_armor_trim_smithing_template":1,"minecraft:comparator":2,"minecraft:golden_apple":1,"minecraft:bread":195,"minecraft:emerald":2,"minecraft:totem_of_undying":1,"minecraft:oak_planks":1,"minecraft:coal":3,"minecraft:hopper":1},"minecraft:custom":{"minecraft:time_since_rest":89488,"minecraft:sprint_one_cm":2104,"minecraft:inspect_dropper":4,"minecraft:walk_one_cm":86362,"minecraft:mob_kills":1,"minecraft:drop":7,"minecraft:inspect_hopper":2,"minecraft:damage_dealt":250,"minecraft:fly_one_cm":96486,"minecraft:open_chest":14,"minecraft:crouch_one_cm":1958,"minecraft:play_time":89488,"minecraft:sneak_time":2009,"minecraft:walk_under_water_one_cm":128,"minecraft:jump":67,"minecraft:leave_game":2,"minecraft:walk_on_water_one_cm":10194,"minecraft:time_since_death":89488,"minecraft:total_world_time":89576},"minecraft:dropped":{"minecraft:hopper":1,"minecraft:crafter":1,"minecraft:oak_stairs":1,"minecraft:oak_planks":2,"minecraft:lightning_rod":3,"minecraft:emerald":1}},"DataVersion":3955}